[{"model": "auth.permission", "pk": 1, "fields": {"name": "Can add log entry", "content_type": 1, "codename": "add_logentry"}}, {"model": "auth.permission", "pk": 2, "fields": {"name": "Can change log entry", "content_type": 1, "codename": "change_logentry"}}, {"model": "auth.permission", "pk": 3, "fields": {"name": "Can delete log entry", "content_type": 1, "codename": "delete_logentry"}}, {"model": "auth.permission", "pk": 4, "fields": {"name": "Can view log entry", "content_type": 1, "codename": "view_logentry"}}, {"model": "auth.permission", "pk": 5, "fields": {"name": "Can add permission", "content_type": 2, "codename": "add_permission"}}, {"model": "auth.permission", "pk": 6, "fields": {"name": "Can change permission", "content_type": 2, "codename": "change_permission"}}, {"model": "auth.permission", "pk": 7, "fields": {"name": "Can delete permission", "content_type": 2, "codename": "delete_permission"}}, {"model": "auth.permission", "pk": 8, "fields": {"name": "Can view permission", "content_type": 2, "codename": "view_permission"}}, {"model": "auth.permission", "pk": 9, "fields": {"name": "Can add group", "content_type": 3, "codename": "add_group"}}, {"model": "auth.permission", "pk": 10, "fields": {"name": "Can change group", "content_type": 3, "codename": "change_group"}}, {"model": "auth.permission", "pk": 11, "fields": {"name": "Can delete group", "content_type": 3, "codename": "delete_group"}}, {"model": "auth.permission", "pk": 12, "fields": {"name": "Can view group", "content_type": 3, "codename": "view_group"}}, {"model": "auth.permission", "pk": 13, "fields": {"name": "Can add user", "content_type": 4, "codename": "add_user"}}, {"model": "auth.permission", "pk": 14, "fields": {"name": "Can change user", "content_type": 4, "codename": "change_user"}}, {"model": "auth.permission", "pk": 15, "fields": {"name": "Can delete user", "content_type": 4, "codename": "delete_user"}}, {"model": "auth.permission", "pk": 16, "fields": {"name": "Can view user", "content_type": 4, "codename": "view_user"}}, {"model": "auth.permission", "pk": 17, "fields": {"name": "Can add content type", "content_type": 5, "codename": "add_contenttype"}}, {"model": "auth.permission", "pk": 18, "fields": {"name": "Can change content type", "content_type": 5, "codename": "change_contenttype"}}, {"model": "auth.permission", "pk": 19, "fields": {"name": "Can delete content type", "content_type": 5, "codename": "delete_contenttype"}}, {"model": "auth.permission", "pk": 20, "fields": {"name": "Can view content type", "content_type": 5, "codename": "view_contenttype"}}, {"model": "auth.permission", "pk": 21, "fields": {"name": "Can add session", "content_type": 6, "codename": "add_session"}}, {"model": "auth.permission", "pk": 22, "fields": {"name": "Can change session", "content_type": 6, "codename": "change_session"}}, {"model": "auth.permission", "pk": 23, "fields": {"name": "Can delete session", "content_type": 6, "codename": "delete_session"}}, {"model": "auth.permission", "pk": 24, "fields": {"name": "Can view session", "content_type": 6, "codename": "view_session"}}, {"model": "auth.permission", "pk": 25, "fields": {"name": "Can add auth group", "content_type": 7, "codename": "add_authgroup"}}, {"model": "auth.permission", "pk": 26, "fields": {"name": "Can change auth group", "content_type": 7, "codename": "change_authgroup"}}, {"model": "auth.permission", "pk": 27, "fields": {"name": "Can delete auth group", "content_type": 7, "codename": "delete_authgroup"}}, {"model": "auth.permission", "pk": 28, "fields": {"name": "Can view auth group", "content_type": 7, "codename": "view_authgroup"}}, {"model": "auth.permission", "pk": 29, "fields": {"name": "Can add auth group permissions", "content_type": 8, "codename": "add_authgrouppermissions"}}, {"model": "auth.permission", "pk": 30, "fields": {"name": "Can change auth group permissions", "content_type": 8, "codename": "change_authgrouppermissions"}}, {"model": "auth.permission", "pk": 31, "fields": {"name": "Can delete auth group permissions", "content_type": 8, "codename": "delete_authgrouppermissions"}}, {"model": "auth.permission", "pk": 32, "fields": {"name": "Can view auth group permissions", "content_type": 8, "codename": "view_authgrouppermissions"}}, {"model": "auth.permission", "pk": 33, "fields": {"name": "Can add auth permission", "content_type": 9, "codename": "add_authpermission"}}, {"model": "auth.permission", "pk": 34, "fields": {"name": "Can change auth permission", "content_type": 9, "codename": "change_authpermission"}}, {"model": "auth.permission", "pk": 35, "fields": {"name": "Can delete auth permission", "content_type": 9, "codename": "delete_authpermission"}}, {"model": "auth.permission", "pk": 36, "fields": {"name": "Can view auth permission", "content_type": 9, "codename": "view_authpermission"}}, {"model": "auth.permission", "pk": 37, "fields": {"name": "Can add auth user", "content_type": 10, "codename": "add_authuser"}}, {"model": "auth.permission", "pk": 38, "fields": {"name": "Can change auth user", "content_type": 10, "codename": "change_authuser"}}, {"model": "auth.permission", "pk": 39, "fields": {"name": "Can delete auth user", "content_type": 10, "codename": "delete_authuser"}}, {"model": "auth.permission", "pk": 40, "fields": {"name": "Can view auth user", "content_type": 10, "codename": "view_authuser"}}, {"model": "auth.permission", "pk": 41, "fields": {"name": "Can add auth user groups", "content_type": 11, "codename": "add_authusergroups"}}, {"model": "auth.permission", "pk": 42, "fields": {"name": "Can change auth user groups", "content_type": 11, "codename": "change_authusergroups"}}, {"model": "auth.permission", "pk": 43, "fields": {"name": "Can delete auth user groups", "content_type": 11, "codename": "delete_authusergroups"}}, {"model": "auth.permission", "pk": 44, "fields": {"name": "Can view auth user groups", "content_type": 11, "codename": "view_authusergroups"}}, {"model": "auth.permission", "pk": 45, "fields": {"name": "Can add auth user user permissions", "content_type": 12, "codename": "add_authuseruserpermissions"}}, {"model": "auth.permission", "pk": 46, "fields": {"name": "Can change auth user user permissions", "content_type": 12, "codename": "change_authuseruserpermissions"}}, {"model": "auth.permission", "pk": 47, "fields": {"name": "Can delete auth user user permissions", "content_type": 12, "codename": "delete_authuseruserpermissions"}}, {"model": "auth.permission", "pk": 48, "fields": {"name": "Can view auth user user permissions", "content_type": 12, "codename": "view_authuseruserpermissions"}}, {"model": "auth.permission", "pk": 49, "fields": {"name": "Can add django admin log", "content_type": 13, "codename": "add_djangoadminlog"}}, {"model": "auth.permission", "pk": 50, "fields": {"name": "Can change django admin log", "content_type": 13, "codename": "change_djangoadminlog"}}, {"model": "auth.permission", "pk": 51, "fields": {"name": "Can delete django admin log", "content_type": 13, "codename": "delete_djangoadminlog"}}, {"model": "auth.permission", "pk": 52, "fields": {"name": "Can view django admin log", "content_type": 13, "codename": "view_djangoadminlog"}}, {"model": "auth.permission", "pk": 53, "fields": {"name": "Can add django content type", "content_type": 14, "codename": "add_djangocontenttype"}}, {"model": "auth.permission", "pk": 54, "fields": {"name": "Can change django content type", "content_type": 14, "codename": "change_djangocontenttype"}}, {"model": "auth.permission", "pk": 55, "fields": {"name": "Can delete django content type", "content_type": 14, "codename": "delete_djangocontenttype"}}, {"model": "auth.permission", "pk": 56, "fields": {"name": "Can view django content type", "content_type": 14, "codename": "view_djangocontenttype"}}, {"model": "auth.permission", "pk": 57, "fields": {"name": "Can add django migrations", "content_type": 15, "codename": "add_djangomigrations"}}, {"model": "auth.permission", "pk": 58, "fields": {"name": "Can change django migrations", "content_type": 15, "codename": "change_djangomigrations"}}, {"model": "auth.permission", "pk": 59, "fields": {"name": "Can delete django migrations", "content_type": 15, "codename": "delete_djangomigrations"}}, {"model": "auth.permission", "pk": 60, "fields": {"name": "Can view django migrations", "content_type": 15, "codename": "view_djangomigrations"}}, {"model": "auth.permission", "pk": 61, "fields": {"name": "Can add django session", "content_type": 16, "codename": "add_djangosession"}}, {"model": "auth.permission", "pk": 62, "fields": {"name": "Can change django session", "content_type": 16, "codename": "change_djangosession"}}, {"model": "auth.permission", "pk": 63, "fields": {"name": "Can delete django session", "content_type": 16, "codename": "delete_djangosession"}}, {"model": "auth.permission", "pk": 64, "fields": {"name": "Can view django session", "content_type": 16, "codename": "view_djangosession"}}, {"model": "auth.permission", "pk": 65, "fields": {"name": "Can add courses", "content_type": 17, "codename": "add_courses"}}, {"model": "auth.permission", "pk": 66, "fields": {"name": "Can change courses", "content_type": 17, "codename": "change_courses"}}, {"model": "auth.permission", "pk": 67, "fields": {"name": "Can delete courses", "content_type": 17, "codename": "delete_courses"}}, {"model": "auth.permission", "pk": 68, "fields": {"name": "Can view courses", "content_type": 17, "codename": "view_courses"}}, {"model": "auth.permission", "pk": 69, "fields": {"name": "Can add users", "content_type": 18, "codename": "add_users"}}, {"model": "auth.permission", "pk": 70, "fields": {"name": "Can change users", "content_type": 18, "codename": "change_users"}}, {"model": "auth.permission", "pk": 71, "fields": {"name": "Can delete users", "content_type": 18, "codename": "delete_users"}}, {"model": "auth.permission", "pk": 72, "fields": {"name": "Can view users", "content_type": 18, "codename": "view_users"}}, {"model": "auth.permission", "pk": 73, "fields": {"name": "Can add users courses", "content_type": 19, "codename": "add_userscourses"}}, {"model": "auth.permission", "pk": 74, "fields": {"name": "Can change users courses", "content_type": 19, "codename": "change_userscourses"}}, {"model": "auth.permission", "pk": 75, "fields": {"name": "Can delete users courses", "content_type": 19, "codename": "delete_userscourses"}}, {"model": "auth.permission", "pk": 76, "fields": {"name": "Can view users courses", "content_type": 19, "codename": "view_userscourses"}}, {"model": "auth.permission", "pk": 77, "fields": {"name": "Can add media", "content_type": 20, "codename": "add_media"}}, {"model": "auth.permission", "pk": 78, "fields": {"name": "Can change media", "content_type": 20, "codename": "change_media"}}, {"model": "auth.permission", "pk": 79, "fields": {"name": "Can delete media", "content_type": 20, "codename": "delete_media"}}, {"model": "auth.permission", "pk": 80, "fields": {"name": "Can view media", "content_type": 20, "codename": "view_media"}}, {"model": "auth.permission", "pk": 81, "fields": {"name": "Can add lessons", "content_type": 21, "codename": "add_lessons"}}, {"model": "auth.permission", "pk": 82, "fields": {"name": "Can change lessons", "content_type": 21, "codename": "change_lessons"}}, {"model": "auth.permission", "pk": 83, "fields": {"name": "Can delete lessons", "content_type": 21, "codename": "delete_lessons"}}, {"model": "auth.permission", "pk": 84, "fields": {"name": "Can view lessons", "content_type": 21, "codename": "view_lessons"}}, {"model": "auth.user", "pk": 1, "fields": {"password": "pbkdf2_sha256$390000$ZBiWW7HYWD8oYo0MzvMLnV$so6GK1eLS+a1BUWSRVnG6Nh6N7yE3jbe1AympZd3H+Q=", "last_login": "2023-04-06T10:30:35.461Z", "is_superuser": true, "username": "admin", "first_name": "", "last_name": "", "email": "admin@admin.admin", "is_staff": true, "is_active": true, "date_joined": "2023-04-06T10:30:24.588Z", "groups": [], "user_permissions": []}}, {"model": "contenttypes.contenttype", "pk": 1, "fields": {"app_label": "admin", "model": "logentry"}}, {"model": "contenttypes.contenttype", "pk": 2, "fields": {"app_label": "auth", "model": "permission"}}, {"model": "contenttypes.contenttype", "pk": 3, "fields": {"app_label": "auth", "model": "group"}}, {"model": "contenttypes.contenttype", "pk": 4, "fields": {"app_label": "auth", "model": "user"}}, {"model": "contenttypes.contenttype", "pk": 5, "fields": {"app_label": "contenttypes", "model": "contenttype"}}, {"model": "contenttypes.contenttype", "pk": 6, "fields": {"app_label": "sessions", "model": "session"}}, {"model": "contenttypes.contenttype", "pk": 7, "fields": {"app_label": "elearning_app", "model": "authgroup"}}, {"model": "contenttypes.contenttype", "pk": 8, "fields": {"app_label": "elearning_app", "model": "authgrouppermissions"}}, {"model": "contenttypes.contenttype", "pk": 9, "fields": {"app_label": "elearning_app", "model": "authpermission"}}, {"model": "contenttypes.contenttype", "pk": 10, "fields": {"app_label": "elearning_app", "model": "authuser"}}, {"model": "contenttypes.contenttype", "pk": 11, "fields": {"app_label": "elearning_app", "model": "authusergroups"}}, {"model": "contenttypes.contenttype", "pk": 12, "fields": {"app_label": "elearning_app", "model": "authuseruserpermissions"}}, {"model": "contenttypes.contenttype", "pk": 13, "fields": {"app_label": "elearning_app", "model": "djangoadminlog"}}, {"model": "contenttypes.contenttype", "pk": 14, "fields": {"app_label": "elearning_app", "model": "djangocontenttype"}}, {"model": "contenttypes.contenttype", "pk": 15, "fields": {"app_label": "elearning_app", "model": "djangomigrations"}}, {"model": "contenttypes.contenttype", "pk": 16, "fields": {"app_label": "elearning_app", "model": "djangosession"}}, {"model": "contenttypes.contenttype", "pk": 17, "fields": {"app_label": "elearning_app", "model": "courses"}}, {"model": "contenttypes.contenttype", "pk": 18, "fields": {"app_label": "elearning_app", "model": "users"}}, {"model": "contenttypes.contenttype", "pk": 19, "fields": {"app_label": "elearning_app", "model": "userscourses"}}, {"model": "contenttypes.contenttype", "pk": 20, "fields": {"app_label": "elearning_app", "model": "media"}}, {"model": "contenttypes.contenttype", "pk": 21, "fields": {"app_label": "elearning_app", "model": "lessons"}}, {"model": "sessions.session", "pk": "lt47m86qd1dshd5kosg82uu5y864dv8o", "fields": {"session_data": ".eJxVjDsOwyAQRO9CHSE-NrAp0_sMaIF1cBKBZOwqyt2DJRdJOfPezJt53Lfs90arXxK7Mskuv13A-KRygPTAcq881rKtS-CHwk_a-FQTvW6n-3eQseW-1miENWBJxyFYJQHsIEel52CMdaAFoBByJjBBJnIETlnCrroxyB7Z5wuvADbX:1pkMt1:QB-UvePXm6OD6vqZWTkO-hjLxEpLL-sFtvGNCiowd8g", "expire_date": "2023-04-20T10:30:35.463Z"}}, {"model": "elearning_app.authpermission", "pk": 1, "fields": {"name": "Can add log entry", "content_type": 1, "codename": "add_logentry"}}, {"model": "elearning_app.authpermission", "pk": 2, "fields": {"name": "Can change log entry", "content_type": 1, "codename": "change_logentry"}}, {"model": "elearning_app.authpermission", "pk": 3, "fields": {"name": "Can delete log entry", "content_type": 1, "codename": "delete_logentry"}}, {"model": "elearning_app.authpermission", "pk": 4, "fields": {"name": "Can view log entry", "content_type": 1, "codename": "view_logentry"}}, {"model": "elearning_app.authpermission", "pk": 5, "fields": {"name": "Can add permission", "content_type": 2, "codename": "add_permission"}}, {"model": "elearning_app.authpermission", "pk": 6, "fields": {"name": "Can change permission", "content_type": 2, "codename": "change_permission"}}, {"model": "elearning_app.authpermission", "pk": 7, "fields": {"name": "Can delete permission", "content_type": 2, "codename": "delete_permission"}}, {"model": "elearning_app.authpermission", "pk": 8, "fields": {"name": "Can view permission", "content_type": 2, "codename": "view_permission"}}, {"model": "elearning_app.authpermission", "pk": 9, "fields": {"name": "Can add group", "content_type": 3, "codename": "add_group"}}, {"model": "elearning_app.authpermission", "pk": 10, "fields": {"name": "Can change group", "content_type": 3, "codename": "change_group"}}, {"model": "elearning_app.authpermission", "pk": 11, "fields": {"name": "Can delete group", "content_type": 3, "codename": "delete_group"}}, {"model": "elearning_app.authpermission", "pk": 12, "fields": {"name": "Can view group", "content_type": 3, "codename": "view_group"}}, {"model": "elearning_app.authpermission", "pk": 13, "fields": {"name": "Can add user", "content_type": 4, "codename": "add_user"}}, {"model": "elearning_app.authpermission", "pk": 14, "fields": {"name": "Can change user", "content_type": 4, "codename": "change_user"}}, {"model": "elearning_app.authpermission", "pk": 15, "fields": {"name": "Can delete user", "content_type": 4, "codename": "delete_user"}}, {"model": "elearning_app.authpermission", "pk": 16, "fields": {"name": "Can view user", "content_type": 4, "codename": "view_user"}}, {"model": "elearning_app.authpermission", "pk": 17, "fields": {"name": "Can add content type", "content_type": 5, "codename": "add_contenttype"}}, {"model": "elearning_app.authpermission", "pk": 18, "fields": {"name": "Can change content type", "content_type": 5, "codename": "change_contenttype"}}, {"model": "elearning_app.authpermission", "pk": 19, "fields": {"name": "Can delete content type", "content_type": 5, "codename": "delete_contenttype"}}, {"model": "elearning_app.authpermission", "pk": 20, "fields": {"name": "Can view content type", "content_type": 5, "codename": "view_contenttype"}}, {"model": "elearning_app.authpermission", "pk": 21, "fields": {"name": "Can add session", "content_type": 6, "codename": "add_session"}}, {"model": "elearning_app.authpermission", "pk": 22, "fields": {"name": "Can change session", "content_type": 6, "codename": "change_session"}}, {"model": "elearning_app.authpermission", "pk": 23, "fields": {"name": "Can delete session", "content_type": 6, "codename": "delete_session"}}, {"model": "elearning_app.authpermission", "pk": 24, "fields": {"name": "Can view session", "content_type": 6, "codename": "view_session"}}, {"model": "elearning_app.authpermission", "pk": 25, "fields": {"name": "Can add auth group", "content_type": 7, "codename": "add_authgroup"}}, {"model": "elearning_app.authpermission", "pk": 26, "fields": {"name": "Can change auth group", "content_type": 7, "codename": "change_authgroup"}}, {"model": "elearning_app.authpermission", "pk": 27, "fields": {"name": "Can delete auth group", "content_type": 7, "codename": "delete_authgroup"}}, {"model": "elearning_app.authpermission", "pk": 28, "fields": {"name": "Can view auth group", "content_type": 7, "codename": "view_authgroup"}}, {"model": "elearning_app.authpermission", "pk": 29, "fields": {"name": "Can add auth group permissions", "content_type": 8, "codename": "add_authgrouppermissions"}}, {"model": "elearning_app.authpermission", "pk": 30, "fields": {"name": "Can change auth group permissions", "content_type": 8, "codename": "change_authgrouppermissions"}}, {"model": "elearning_app.authpermission", "pk": 31, "fields": {"name": "Can delete auth group permissions", "content_type": 8, "codename": "delete_authgrouppermissions"}}, {"model": "elearning_app.authpermission", "pk": 32, "fields": {"name": "Can view auth group permissions", "content_type": 8, "codename": "view_authgrouppermissions"}}, {"model": "elearning_app.authpermission", "pk": 33, "fields": {"name": "Can add auth permission", "content_type": 9, "codename": "add_authpermission"}}, {"model": "elearning_app.authpermission", "pk": 34, "fields": {"name": "Can change auth permission", "content_type": 9, "codename": "change_authpermission"}}, {"model": "elearning_app.authpermission", "pk": 35, "fields": {"name": "Can delete auth permission", "content_type": 9, "codename": "delete_authpermission"}}, {"model": "elearning_app.authpermission", "pk": 36, "fields": {"name": "Can view auth permission", "content_type": 9, "codename": "view_authpermission"}}, {"model": "elearning_app.authpermission", "pk": 37, "fields": {"name": "Can add auth user", "content_type": 10, "codename": "add_authuser"}}, {"model": "elearning_app.authpermission", "pk": 38, "fields": {"name": "Can change auth user", "content_type": 10, "codename": "change_authuser"}}, {"model": "elearning_app.authpermission", "pk": 39, "fields": {"name": "Can delete auth user", "content_type": 10, "codename": "delete_authuser"}}, {"model": "elearning_app.authpermission", "pk": 40, "fields": {"name": "Can view auth user", "content_type": 10, "codename": "view_authuser"}}, {"model": "elearning_app.authpermission", "pk": 41, "fields": {"name": "Can add auth user groups", "content_type": 11, "codename": "add_authusergroups"}}, {"model": "elearning_app.authpermission", "pk": 42, "fields": {"name": "Can change auth user groups", "content_type": 11, "codename": "change_authusergroups"}}, {"model": "elearning_app.authpermission", "pk": 43, "fields": {"name": "Can delete auth user groups", "content_type": 11, "codename": "delete_authusergroups"}}, {"model": "elearning_app.authpermission", "pk": 44, "fields": {"name": "Can view auth user groups", "content_type": 11, "codename": "view_authusergroups"}}, {"model": "elearning_app.authpermission", "pk": 45, "fields": {"name": "Can add auth user user permissions", "content_type": 12, "codename": "add_authuseruserpermissions"}}, {"model": "elearning_app.authpermission", "pk": 46, "fields": {"name": "Can change auth user user permissions", "content_type": 12, "codename": "change_authuseruserpermissions"}}, {"model": "elearning_app.authpermission", "pk": 47, "fields": {"name": "Can delete auth user user permissions", "content_type": 12, "codename": "delete_authuseruserpermissions"}}, {"model": "elearning_app.authpermission", "pk": 48, "fields": {"name": "Can view auth user user permissions", "content_type": 12, "codename": "view_authuseruserpermissions"}}, {"model": "elearning_app.authpermission", "pk": 49, "fields": {"name": "Can add django admin log", "content_type": 13, "codename": "add_djangoadminlog"}}, {"model": "elearning_app.authpermission", "pk": 50, "fields": {"name": "Can change django admin log", "content_type": 13, "codename": "change_djangoadminlog"}}, {"model": "elearning_app.authpermission", "pk": 51, "fields": {"name": "Can delete django admin log", "content_type": 13, "codename": "delete_djangoadminlog"}}, {"model": "elearning_app.authpermission", "pk": 52, "fields": {"name": "Can view django admin log", "content_type": 13, "codename": "view_djangoadminlog"}}, {"model": "elearning_app.authpermission", "pk": 53, "fields": {"name": "Can add django content type", "content_type": 14, "codename": "add_djangocontenttype"}}, {"model": "elearning_app.authpermission", "pk": 54, "fields": {"name": "Can change django content type", "content_type": 14, "codename": "change_djangocontenttype"}}, {"model": "elearning_app.authpermission", "pk": 55, "fields": {"name": "Can delete django content type", "content_type": 14, "codename": "delete_djangocontenttype"}}, {"model": "elearning_app.authpermission", "pk": 56, "fields": {"name": "Can view django content type", "content_type": 14, "codename": "view_djangocontenttype"}}, {"model": "elearning_app.authpermission", "pk": 57, "fields": {"name": "Can add django migrations", "content_type": 15, "codename": "add_djangomigrations"}}, {"model": "elearning_app.authpermission", "pk": 58, "fields": {"name": "Can change django migrations", "content_type": 15, "codename": "change_djangomigrations"}}, {"model": "elearning_app.authpermission", "pk": 59, "fields": {"name": "Can delete django migrations", "content_type": 15, "codename": "delete_djangomigrations"}}, {"model": "elearning_app.authpermission", "pk": 60, "fields": {"name": "Can view django migrations", "content_type": 15, "codename": "view_djangomigrations"}}, {"model": "elearning_app.authpermission", "pk": 61, "fields": {"name": "Can add django session", "content_type": 16, "codename": "add_djangosession"}}, {"model": "elearning_app.authpermission", "pk": 62, "fields": {"name": "Can change django session", "content_type": 16, "codename": "change_djangosession"}}, {"model": "elearning_app.authpermission", "pk": 63, "fields": {"name": "Can delete django session", "content_type": 16, "codename": "delete_djangosession"}}, {"model": "elearning_app.authpermission", "pk": 64, "fields": {"name": "Can view django session", "content_type": 16, "codename": "view_djangosession"}}, {"model": "elearning_app.authpermission", "pk": 65, "fields": {"name": "Can add courses", "content_type": 17, "codename": "add_courses"}}, {"model": "elearning_app.authpermission", "pk": 66, "fields": {"name": "Can change courses", "content_type": 17, "codename": "change_courses"}}, {"model": "elearning_app.authpermission", "pk": 67, "fields": {"name": "Can delete courses", "content_type": 17, "codename": "delete_courses"}}, {"model": "elearning_app.authpermission", "pk": 68, "fields": {"name": "Can view courses", "content_type": 17, "codename": "view_courses"}}, {"model": "elearning_app.authpermission", "pk": 69, "fields": {"name": "Can add users", "content_type": 18, "codename": "add_users"}}, {"model": "elearning_app.authpermission", "pk": 70, "fields": {"name": "Can change users", "content_type": 18, "codename": "change_users"}}, {"model": "elearning_app.authpermission", "pk": 71, "fields": {"name": "Can delete users", "content_type": 18, "codename": "delete_users"}}, {"model": "elearning_app.authpermission", "pk": 72, "fields": {"name": "Can view users", "content_type": 18, "codename": "view_users"}}, {"model": "elearning_app.authpermission", "pk": 73, "fields": {"name": "Can add users courses", "content_type": 19, "codename": "add_userscourses"}}, {"model": "elearning_app.authpermission", "pk": 74, "fields": {"name": "Can change users courses", "content_type": 19, "codename": "change_userscourses"}}, {"model": "elearning_app.authpermission", "pk": 75, "fields": {"name": "Can delete users courses", "content_type": 19, "codename": "delete_userscourses"}}, {"model": "elearning_app.authpermission", "pk": 76, "fields": {"name": "Can view users courses", "content_type": 19, "codename": "view_userscourses"}}, {"model": "elearning_app.authpermission", "pk": 77, "fields": {"name": "Can add media", "content_type": 20, "codename": "add_media"}}, {"model": "elearning_app.authpermission", "pk": 78, "fields": {"name": "Can change media", "content_type": 20, "codename": "change_media"}}, {"model": "elearning_app.authpermission", "pk": 79, "fields": {"name": "Can delete media", "content_type": 20, "codename": "delete_media"}}, {"model": "elearning_app.authpermission", "pk": 80, "fields": {"name": "Can view media", "content_type": 20, "codename": "view_media"}}, {"model": "elearning_app.authpermission", "pk": 81, "fields": {"name": "Can add lessons", "content_type": 21, "codename": "add_lessons"}}, {"model": "elearning_app.authpermission", "pk": 82, "fields": {"name": "Can change lessons", "content_type": 21, "codename": "change_lessons"}}, {"model": "elearning_app.authpermission", "pk": 83, "fields": {"name": "Can delete lessons", "content_type": 21, "codename": "delete_lessons"}}, {"model": "elearning_app.authpermission", "pk": 84, "fields": {"name": "Can view lessons", "content_type": 21, "codename": "view_lessons"}}, {"model": "elearning_app.authuser", "pk": 1, "fields": {"password": "pbkdf2_sha256$390000$ZBiWW7HYWD8oYo0MzvMLnV$so6GK1eLS+a1BUWSRVnG6Nh6N7yE3jbe1AympZd3H+Q=", "last_login": "2023-04-06T10:30:35.461Z", "is_superuser": 1, "username": "admin", "first_name": "", "last_name": "", "email": "admin@admin.admin", "is_staff": 1, "is_active": 1, "date_joined": "2023-04-06T10:30:24.588Z"}}, {"model": "elearning_app.djangocontenttype", "pk": 1, "fields": {"app_label": "admin", "model": "logentry"}}, {"model": "elearning_app.djangocontenttype", "pk": 2, "fields": {"app_label": "auth", "model": "permission"}}, {"model": "elearning_app.djangocontenttype", "pk": 3, "fields": {"app_label": "auth", "model": "group"}}, {"model": "elearning_app.djangocontenttype", "pk": 4, "fields": {"app_label": "auth", "model": "user"}}, {"model": "elearning_app.djangocontenttype", "pk": 5, "fields": {"app_label": "contenttypes", "model": "contenttype"}}, {"model": "elearning_app.djangocontenttype", "pk": 6, "fields": {"app_label": "sessions", "model": "session"}}, {"model": "elearning_app.djangocontenttype", "pk": 7, "fields": {"app_label": "elearning_app", "model": "authgroup"}}, {"model": "elearning_app.djangocontenttype", "pk": 8, "fields": {"app_label": "elearning_app", "model": "authgrouppermissions"}}, {"model": "elearning_app.djangocontenttype", "pk": 9, "fields": {"app_label": "elearning_app", "model": "authpermission"}}, {"model": "elearning_app.djangocontenttype", "pk": 10, "fields": {"app_label": "elearning_app", "model": "authuser"}}, {"model": "elearning_app.djangocontenttype", "pk": 11, "fields": {"app_label": "elearning_app", "model": "authusergroups"}}, {"model": "elearning_app.djangocontenttype", "pk": 12, "fields": {"app_label": "elearning_app", "model": "authuseruserpermissions"}}, {"model": "elearning_app.djangocontenttype", "pk": 13, "fields": {"app_label": "elearning_app", "model": "djangoadminlog"}}, {"model": "elearning_app.djangocontenttype", "pk": 14, "fields": {"app_label": "elearning_app", "model": "djangocontenttype"}}, {"model": "elearning_app.djangocontenttype", "pk": 15, "fields": {"app_label": "elearning_app", "model": "djangomigrations"}}, {"model": "elearning_app.djangocontenttype", "pk": 16, "fields": {"app_label": "elearning_app", "model": "djangosession"}}, {"model": "elearning_app.djangocontenttype", "pk": 17, "fields": {"app_label": "elearning_app", "model": "courses"}}, {"model": "elearning_app.djangocontenttype", "pk": 18, "fields": {"app_label": "elearning_app", "model": "users"}}, {"model": "elearning_app.djangocontenttype", "pk": 19, "fields": {"app_label": "elearning_app", "model": "userscourses"}}, {"model": "elearning_app.djangocontenttype", "pk": 20, "fields": {"app_label": "elearning_app", "model": "media"}}, {"model": "elearning_app.djangocontenttype", "pk": 21, "fields": {"app_label": "elearning_app", "model": "lessons"}}, {"model": "elearning_app.djangomigrations", "pk": 1, "fields": {"app": "contenttypes", "name": "0001_initial", "applied": "2023-04-06T10:28:37.832Z"}}, {"model": "elearning_app.djangomigrations", "pk": 2, "fields": {"app": "auth", "name": "0001_initial", "applied": "2023-04-06T10:28:38.018Z"}}, {"model": "elearning_app.djangomigrations", "pk": 3, "fields": {"app": "admin", "name": "0001_initial", "applied": "2023-04-06T10:28:38.084Z"}}, {"model": "elearning_app.djangomigrations", "pk": 4, "fields": {"app": "admin", "name": "0002_logentry_remove_auto_add", "applied": "2023-04-06T10:28:38.107Z"}}, {"model": "elearning_app.djangomigrations", "pk": 5, "fields": {"app": "admin", "name": "0003_logentry_add_action_flag_choices", "applied": "2023-04-06T10:28:38.118Z"}}, {"model": "elearning_app.djangomigrations", "pk": 6, "fields": {"app": "contenttypes", "name": "0002_remove_content_type_name", "applied": "2023-04-06T10:28:38.157Z"}}, {"model": "elearning_app.djangomigrations", "pk": 7, "fields": {"app": "auth", "name": "0002_alter_permission_name_max_length", "applied": "2023-04-06T10:28:38.177Z"}}, {"model": "elearning_app.djangomigrations", "pk": 8, "fields": {"app": "auth", "name": "0003_alter_user_email_max_length", "applied": "2023-04-06T10:28:38.198Z"}}, {"model": "elearning_app.djangomigrations", "pk": 9, "fields": {"app": "auth", "name": "0004_alter_user_username_opts", "applied": "2023-04-06T10:28:38.206Z"}}, {"model": "elearning_app.djangomigrations", "pk": 10, "fields": {"app": "auth", "name": "0005_alter_user_last_login_null", "applied": "2023-04-06T10:28:38.226Z"}}, {"model": "elearning_app.djangomigrations", "pk": 11, "fields": {"app": "auth", "name": "0006_require_contenttypes_0002", "applied": "2023-04-06T10:28:38.228Z"}}, {"model": "elearning_app.djangomigrations", "pk": 12, "fields": {"app": "auth", "name": "0007_alter_validators_add_error_messages", "applied": "2023-04-06T10:28:38.237Z"}}, {"model": "elearning_app.djangomigrations", "pk": 13, "fields": {"app": "auth", "name": "0008_alter_user_username_max_length", "applied": "2023-04-06T10:28:38.251Z"}}, {"model": "elearning_app.djangomigrations", "pk": 14, "fields": {"app": "auth", "name": "0009_alter_user_last_name_max_length", "applied": "2023-04-06T10:28:38.269Z"}}, {"model": "elearning_app.djangomigrations", "pk": 15, "fields": {"app": "auth", "name": "0010_alter_group_name_max_length", "applied": "2023-04-06T10:28:38.290Z"}}, {"model": "elearning_app.djangomigrations", "pk": 16, "fields": {"app": "auth", "name": "0011_update_proxy_permissions", "applied": "2023-04-06T10:28:38.300Z"}}, {"model": "elearning_app.djangomigrations", "pk": 17, "fields": {"app": "auth", "name": "0012_alter_user_first_name_max_length", "applied": "2023-04-06T10:28:38.321Z"}}, {"model": "elearning_app.djangomigrations", "pk": 18, "fields": {"app": "elearning_app", "name": "0001_initial", "applied": "2023-04-06T10:28:38.473Z"}}, {"model": "elearning_app.djangomigrations", "pk": 19, "fields": {"app": "sessions", "name": "0001_initial", "applied": "2023-04-06T10:28:38.498Z"}}, {"model": "elearning_app.djangosession", "pk": "lt47m86qd1dshd5kosg82uu5y864dv8o", "fields": {"session_data": ".eJxVjDsOwyAQRO9CHSE-NrAp0_sMaIF1cBKBZOwqyt2DJRdJOfPezJt53Lfs90arXxK7Mskuv13A-KRygPTAcq881rKtS-CHwk_a-FQTvW6n-3eQseW-1miENWBJxyFYJQHsIEel52CMdaAFoBByJjBBJnIETlnCrroxyB7Z5wuvADbX:1pkMt1:QB-UvePXm6OD6vqZWTkO-hjLxEpLL-sFtvGNCiowd8g", "expire_date": "2023-04-20T10:30:35.463Z"}}]